{"name":"2b9a22c1-bb8b-40b1-b480-db30c173fe7a","id":"/providers/Microsoft.Flow/flows/2b9a22c1-bb8b-40b1-b480-db30c173fe7a","type":"Microsoft.Flow/flows","properties":{"apiId":"/providers/Microsoft.PowerApps/apis/shared_logicflows","displayName":"Copy of - End user request WVD Access","definition":{"metadata":{"workflowEntityId":null,"creator":{"id":"20420901-6855-4cad-a859-8da5c6978c49","type":"User","tenantId":"a8046f64-66c0-4f00-9046-c8daf92ff62b"},"provisioningMethod":"FromDefinition","failureAlertSubscription":true,"clientLastModifiedTime":"2020-04-27T18:39:16.6001925Z"},"$schema":"https://schema.management.azure.com/providers/Microsoft.Logic/schemas/2016-06-01/workflowdefinition.json#","contentVersion":"1.0.0.0","parameters":{"$connections":{"defaultValue":{},"type":"Object"},"$authentication":{"defaultValue":{},"type":"SecureObject"}},"triggers":{"When_a_new_response_is_submitted":{"splitOn":"@triggerBody()?['value']","metadata":{"flowSystemMetadata":{"swaggerOperationId":"CreateFormWebhook"}},"type":"ApiConnectionWebhook","inputs":{"host":{"connection":{"name":"@parameters('$connections')['shared_microsoftforms_1']['connectionId']"},"api":{"runtimeUrl":"https://flow-apim-msmanaged-na-northcentralus-01.azure-apim.net/apim/microsoftforms"}},"body":{"eventType":"responseAdded","notificationUrl":"@{listCallbackUrl()}","source":"ms-connector"},"path":"/formapi/api/forms/@{encodeURIComponent('ZG8EqMBmAE-QRsja-S_2KwEJQiBVaK1MqFmNpcaXjElUMkpLWVFNMjdROTA5RExGMExDNVNTSFQ2Qy4u')}/webhooks","authentication":"@parameters('$authentication')"}}},"actions":{"Get_response_details":{"runAfter":{},"metadata":{"flowSystemMetadata":{"swaggerOperationId":"GetFormResponseById"}},"type":"ApiConnection","inputs":{"host":{"connection":{"name":"@parameters('$connections')['shared_microsoftforms']['connectionId']"},"api":{"runtimeUrl":"https://flow-apim-msmanaged-na-northcentralus-01.azure-apim.net/apim/microsoftforms"}},"method":"get","path":"/formapi/api/forms('@{encodeURIComponent('ZG8EqMBmAE-QRsja-S_2KwEJQiBVaK1MqFmNpcaXjElUMkpLWVFNMjdROTA5RExGMExDNVNTSFQ2Qy4u')}')/responses","queries":{"response_id":"@triggerBody()?['resourceData']?['responseId']"},"authentication":"@parameters('$authentication')"}},"If_request_access_for_self":{"actions":{"Requester_Email":{"runAfter":{},"type":"Compose","inputs":"@body('Get_response_details')?['responder']"}},"runAfter":{"Initialize_Deny_variable":["Succeeded"]},"else":{"actions":{"Request_for_Email":{"runAfter":{},"type":"Compose","inputs":"@body('Get_response_details')?['rf6ec87356c7c457a980d209048c2b149']"}}},"expression":{"equals":["@body('Get_response_details')?['r6b84e66cfade4226918ca42689bacb23']","Yes"]},"type":"If"},"Convert_time_zone_to_PST":{"runAfter":{"Get_response_details":["Succeeded"]},"type":"Expression","kind":"ConvertTimeZone","inputs":{"baseTime":"@body('Get_response_details')?['submitDate']","formatString":"g","sourceTimeZone":"UTC","destinationTimeZone":"Pacific Standard Time"}},"Email_to_be_added":{"runAfter":{"If_request_access_for_self":["Succeeded"]},"type":"Compose","inputs":"@{outputs('Requester_Email')}@{outputs('Request_for_Email')}"},"Check_if_email_is_member_of_AD_Group":{"foreach":"@body('Parse_JSON_of_AD_Group_Members')?['value']","actions":{"check_each_AD_group_members":{"actions":{"Set_Deny_variable_to_no":{"runAfter":{},"type":"SetVariable","inputs":{"name":"Deny","value":"No"}}},"runAfter":{},"expression":{"equals":["@items('Check_if_email_is_member_of_AD_Group')?['mail']","@outputs('Email_to_be_added')"]},"type":"If"}},"runAfter":{"Parse_JSON_of_AD_Group_Members":["Succeeded"]},"type":"Foreach"},"Initialize_Deny_variable":{"runAfter":{"Convert_time_zone_to_PST":["Succeeded"]},"type":"InitializeVariable","inputs":{"variables":[{"name":"Deny","type":"string","value":"Yes"}]}},"Parse_JSON_of_AD_Group_Members":{"runAfter":{"Call_Graph_to_get_AD_Group_Members_via_ObjectID":["Succeeded"]},"type":"ParseJson","inputs":{"content":"@body('Call_Graph_to_get_AD_Group_Members_via_ObjectID')","schema":{"type":"object","properties":{"@@odata.context":{"type":"string"},"value":{"type":"array","items":{"type":"object","properties":{"@@odata.type":{"type":"string"},"id":{"type":"string"},"displayName":{"type":"string"},"givenName":{"type":"string"},"mail":{"type":"string"},"surname":{"type":"string"},"userPrincipalName":{"type":"string"}},"required":["@@odata.type","id","displayName","givenName","mail","surname","userPrincipalName"]}}}}}},"Call_Graph_to_get_AD_Group_Members_via_ObjectID":{"runAfter":{"Email_to_be_added":["Succeeded"]},"type":"Http","inputs":{"method":"GET","uri":"https://graph.microsoft.com/v1.0/groups/{ADGroupObjectID}/members","authentication":{"type":"ActiveDirectoryOAuth","tenant":"AzureADTenant","audience":"00000003-0000-0000-c000-000000000000","clientId":"ClientID","secret":"Secret"}}},"Check_if_approved_user_and_self_request":{"actions":{"Check_if_user_assignment_job_1_completed":{"actions":{"Add_a_row_into_a_table_job_1":{"runAfter":{},"metadata":{"01I5FPTN37AZM6BWJ72FA3F4UMQHNHXSWJ":"/Azure/WVD-Access-Request.xlsx","flowSystemMetadata":{"swaggerOperationId":"AddRowV2"}},"type":"ApiConnection","inputs":{"host":{"connection":{"name":"@parameters('$connections')['shared_excelonlinebusiness']['connectionId']"},"api":{"runtimeUrl":"https://flow-apim-msmanaged-na-centralus-01.azure-apim.net/apim/excelonlinebusiness"}},"method":"post","body":{"Authenticated User":"@body('Get_response_details')?['responder']","Requested UPN":"@body('Get_response_details')?['responder']","Status":"Successful - WVD User Added","JobRunTime":"@body('Convert_time_zone_to_PST')"},"path":"/codeless/v1.2/drives/@{encodeURIComponent('b!ad0vTGtvP0yRLSUJQrtQRfVc6xZHJOpFq0_Ljk-Qrb-_Qn5cGdLCTImhDIWnmcbo')}/items/@{encodeURIComponent('01I5FPTN37AZM6BWJ72FA3F4UMQHNHXSWJ')}/workbook/tables/@{encodeURIComponent('{91EAC29F-92CF-4B34-BF36-88E8B4BAA537}')}/rows","queries":{"source":"me"},"authentication":"@parameters('$authentication')"}},"Send_an_email_(V2)_job_1":{"runAfter":{"Add_a_row_into_a_table_job_1":["Succeeded"]},"metadata":{"flowSystemMetadata":{"swaggerOperationId":"SendEmailV2"}},"type":"ApiConnection","inputs":{"host":{"connection":{"name":"@parameters('$connections')['shared_office365']['connectionId']"},"api":{"runtimeUrl":"https://flow-apim-msmanaged-na-eastus2-01.azure-apim.net/apim/office365"}},"method":"post","body":{"To":"@body('Get_response_details')?['responder']","Subject":"Job to Add user  to WVD - Success","Body":"<p>@{body('Get_response_details')?['responder']} your request to be added to WVD was processed, you are a member of the &lt;AD Group&gt; and access has been granted.<br>\n<br>\nWVD Portal<br>\nhttps://rdweb.wvd.microsoft.com/webclient/index.html<br>\n<br>\n*This is an automated message, do not reply to this email.</p>"},"path":"/v2/Mail","authentication":"@parameters('$authentication')"}}},"runAfter":{"Create_Azure_Automation_job_to_add_user_1":["Succeeded"]},"else":{"actions":{"Send_an_email_(V2)_failed_job_1":{"runAfter":{},"metadata":{"flowSystemMetadata":{"swaggerOperationId":"SendEmailV2"}},"type":"ApiConnection","inputs":{"host":{"connection":{"name":"@parameters('$connections')['shared_office365']['connectionId']"},"api":{"runtimeUrl":"https://flow-apim-msmanaged-na-eastus2-01.azure-apim.net/apim/office365"}},"method":"post","body":{"To":"bobleos@UCDAVIS.EDU","Subject":"Job to Add user  to WVD - Failed","Body":"<p>Automation job failed to add to WVD pool &lt;Pool Name&gt;.<br>\n<br>\n*This is an automated message, do not reply to this email.</p>"},"path":"/v2/Mail","authentication":"@parameters('$authentication')"}}}},"expression":{"equals":["","Completed"]},"type":"If"},"Create_Azure_Automation_job_to_add_user_1":{"runAfter":{},"metadata":{"flowSystemMetadata":{"swaggerOperationId":"CreateJob"}},"type":"ApiConnection","inputs":{"host":{"connection":{"name":"@parameters('$connections')['shared_azureautomation']['connectionId']"},"api":{"runtimeUrl":"https://flow-apim-msmanaged-na-northcentralus-01.azure-apim.net/apim/azureautomation"}},"method":"put","path":"/subscriptions/@{encodeURIComponent('AzSubscription')}/resourceGroups/@{encodeURIComponent('ResourceGroup')}/providers/Microsoft.Automation/automationAccounts/@{encodeURIComponent('AzureAutomationAccount')}/jobs","queries":{"x-ms-api-version":"2015-10-31","runbookName":"RunBookName","wait":true},"authentication":"@parameters('$authentication')"}}},"runAfter":{"Check_if_email_is_member_of_AD_Group":["Succeeded"]},"else":{"actions":{"Check_if_approved_user_and_for_someone_else":{"actions":{"Check_if_user_assignment_job_2_completed":{"actions":{"Add_a_row_into_a_table_job_2":{"runAfter":{},"metadata":{"01I5FPTN37AZM6BWJ72FA3F4UMQHNHXSWJ":"/Azure/WVD-Access-Request.xlsx","flowSystemMetadata":{"swaggerOperationId":"AddRowV2"}},"type":"ApiConnection","inputs":{"host":{"connection":{"name":"@parameters('$connections')['shared_excelonlinebusiness']['connectionId']"},"api":{"runtimeUrl":"https://flow-apim-msmanaged-na-centralus-01.azure-apim.net/apim/excelonlinebusiness"}},"method":"post","body":{"Authenticated User":"@body('Get_response_details')?['responder']","Requested UPN":"@body('Get_response_details')?['rf6ec87356c7c457a980d209048c2b149']","Status":"Successful - WVD User Added","JobRunTime":"@body('Convert_time_zone_to_PST')"},"path":"/codeless/v1.2/drives/@{encodeURIComponent('b!ad0vTGtvP0yRLSUJQrtQRfVc6xZHJOpFq0_Ljk-Qrb-_Qn5cGdLCTImhDIWnmcbo')}/items/@{encodeURIComponent('01I5FPTN37AZM6BWJ72FA3F4UMQHNHXSWJ')}/workbook/tables/@{encodeURIComponent('{91EAC29F-92CF-4B34-BF36-88E8B4BAA537}')}/rows","queries":{"source":"me"},"authentication":"@parameters('$authentication')"}},"Send_an_email_(V2)_job_2":{"runAfter":{"Add_a_row_into_a_table_job_2":["Succeeded"]},"metadata":{"flowSystemMetadata":{"swaggerOperationId":"SendEmailV2"}},"type":"ApiConnection","inputs":{"host":{"connection":{"name":"@parameters('$connections')['shared_office365']['connectionId']"},"api":{"runtimeUrl":"https://flow-apim-msmanaged-na-eastus2-01.azure-apim.net/apim/office365"}},"method":"post","body":{"To":"@{body('Get_response_details')?['responder']};@{body('Get_response_details')?['rf6ec87356c7c457a980d209048c2b149']}","Subject":"Job to Add user  to Staff-VDI - Success","Body":"<p>@{body('Get_response_details')?['rf6ec87356c7c457a980d209048c2b149']} a request for you to be granted access to Staff-VDI has been sent from @{body('Get_response_details')?['responder']} , this request has been processed. You are a member of the uConnect Team and you have been granted access.<br>\n<br>\nVDI Portal<br>\nhttps://rdweb.wvd.microsoft.com/webclient/index.html<br>\n<br>\n*This is an automated message, do not reply to this email.</p>"},"path":"/v2/Mail","authentication":"@parameters('$authentication')"}}},"runAfter":{"Create_Azure_Automation_job_to_add_user_2":["Succeeded"]},"else":{"actions":{"Send_an_email_(V2)__failed_job_2":{"runAfter":{},"metadata":{"flowSystemMetadata":{"swaggerOperationId":"SendEmailV2"}},"type":"ApiConnection","inputs":{"host":{"connection":{"name":"@parameters('$connections')['shared_office365']['connectionId']"},"api":{"runtimeUrl":"https://flow-apim-msmanaged-na-eastus2-01.azure-apim.net/apim/office365"}},"method":"post","body":{"To":"bobleos@UCDAVIS.EDU","Subject":"Job to Add user  to WVD - Failed","Body":"<p>Automation job failed to add to WVD pool &nbsp;&lt;Pool Name&gt;.<br>\n<br>\n*This is an automated message, do not reply to this email.</p>"},"path":"/v2/Mail","authentication":"@parameters('$authentication')"}}}},"expression":{"equals":["","Completed"]},"type":"If"},"Create_Azure_Automation_job_to_add_user_2":{"runAfter":{},"metadata":{"flowSystemMetadata":{"swaggerOperationId":"CreateJob"}},"type":"ApiConnection","inputs":{"host":{"connection":{"name":"@parameters('$connections')['shared_azureautomation']['connectionId']"},"api":{"runtimeUrl":"https://flow-apim-msmanaged-na-northcentralus-01.azure-apim.net/apim/azureautomation"}},"method":"put","path":"/subscriptions/@{encodeURIComponent('AzSubscription')}/resourceGroups/@{encodeURIComponent('ResourceGroup')}/providers/Microsoft.Automation/automationAccounts/@{encodeURIComponent('AzureAutomationAccount')}/jobs","queries":{"x-ms-api-version":"2015-10-31","runbookName":"RunBookName","wait":true},"authentication":"@parameters('$authentication')"}}},"runAfter":{},"else":{"actions":{"Add_a_row_into_a_table_non-approved_user":{"runAfter":{},"metadata":{"01I5FPTN37AZM6BWJ72FA3F4UMQHNHXSWJ":"/Azure/WVD-Access-Request.xlsx","flowSystemMetadata":{"swaggerOperationId":"AddRowV2"}},"type":"ApiConnection","inputs":{"host":{"connection":{"name":"@parameters('$connections')['shared_excelonlinebusiness']['connectionId']"},"api":{"runtimeUrl":"https://flow-apim-msmanaged-na-centralus-01.azure-apim.net/apim/excelonlinebusiness"}},"method":"post","body":{"Authenticated User":"@body('Get_response_details')?['responder']","Requested UPN":"@body('Get_response_details')?['rf6ec87356c7c457a980d209048c2b149']","Status":"Failed - Not WVD User","JobRunTime":"@body('Convert_time_zone_to_PST')"},"path":"/codeless/v1.2/drives/@{encodeURIComponent('b!ad0vTGtvP0yRLSUJQrtQRfVc6xZHJOpFq0_Ljk-Qrb-_Qn5cGdLCTImhDIWnmcbo')}/items/@{encodeURIComponent('01I5FPTN37AZM6BWJ72FA3F4UMQHNHXSWJ')}/workbook/tables/@{encodeURIComponent('Table1')}/rows","queries":{"source":"me"},"authentication":"@parameters('$authentication')"}},"Send_an_email_(V2)_non-approved_user":{"runAfter":{"Add_a_row_into_a_table_non-approved_user":["Succeeded"]},"metadata":{"flowSystemMetadata":{"swaggerOperationId":"SendEmailV2"}},"type":"ApiConnection","inputs":{"host":{"connection":{"name":"@parameters('$connections')['shared_office365']['connectionId']"},"api":{"runtimeUrl":"https://flow-apim-msmanaged-na-eastus2-01.azure-apim.net/apim/office365"}},"method":"post","body":{"To":"@body('Get_response_details')?['responder']","Subject":"Access to WVD Request - DENIED","Body":"<p>Your request to added @{body('Get_response_details')?['rf6ec87356c7c457a980d209048c2b149']} to WVD was not processed at this time. As they are not a member of the &lt;AD Group&gt;.<br>\n<br>\n*This is an automated message, do not reply to this email.</p>"},"path":"/v2/Mail","authentication":"@parameters('$authentication')"}}}},"expression":{"equals":["@variables('Deny')","No"]},"type":"If"}}},"expression":{"and":[{"equals":["@body('Get_response_details')?['r6b84e66cfade4226918ca42689bacb23']","Yes"]},{"equals":["@variables('Deny')","No"]}]},"type":"If"}}},"connectionReferences":{"shared_microsoftforms":{"connectionName":"614840b8f0ea4ec5baa8b2609ec5406a","source":"Embedded","id":"/providers/Microsoft.PowerApps/apis/shared_microsoftforms","tier":"NotSpecified"},"shared_excelonlinebusiness":{"connectionName":"shared-excelonlinebu-39121c3b-00c2-44f5-8c25-f47231f5d16b","source":"Embedded","id":"/providers/Microsoft.PowerApps/apis/shared_excelonlinebusiness","tier":"NotSpecified"},"shared_office365":{"connectionName":"a78ffd655cb84bf9bbca93c55ba56538","source":"Embedded","id":"/providers/Microsoft.PowerApps/apis/shared_office365","tier":"NotSpecified"},"shared_azureautomation":{"connectionName":"shared-azureautomati-fab360be-ed73-4dff-8ad8-a1a972636607","source":"Embedded","id":"/providers/Microsoft.PowerApps/apis/shared_azureautomation","tier":"NotSpecified"},"shared_microsoftforms_1":{"connectionName":"shared-microsoftform-2e2b2ba5-1a1d-4f9a-a2e4-ca728f66f17c","source":"Embedded","id":"/providers/Microsoft.PowerApps/apis/shared_microsoftforms","tier":"NotSpecified"}},"flowFailureAlertSubscribed":false}}